File,Res,Concavity
../../input/1a2b_1/protein.pdb,1,-
../../input/1a2b_1/protein.pdb,2,0.14319615
../../input/1a2b_1/protein.pdb,3,0.11069569
../../input/1a2b_1/protein.pdb,4,0.13801841
../../input/1a2b_1/protein.pdb,5,0.113296114
../../input/1a2b_1/protein.pdb,6,0.13527574
../../input/1a2b_1/protein.pdb,7,0.151049
../../input/1a2b_1/protein.pdb,8,0.09769572
../../input/1a2b_1/protein.pdb,9,0.08236515
../../input/1a2b_1/protein.pdb,10,0.13329625
../../input/1a2b_1/protein.pdb,11,0.17249455
../../input/1a2b_1/protein.pdb,12,0.2726066
../../input/1a2b_1/protein.pdb,13,0.28912264
../../input/1a2b_1/protein.pdb,14,0.23494774
../../input/1a2b_1/protein.pdb,15,0.26832828
../../input/1a2b_1/protein.pdb,16,0.23386729
../../input/1a2b_1/protein.pdb,17,0.3070865
../../input/1a2b_1/protein.pdb,18,0.27169254
../../input/1a2b_1/protein.pdb,19,0.26755792
../../input/1a2b_1/protein.pdb,20,0.2680322
../../input/1a2b_1/protein.pdb,21,0.28380248
../../input/1a2b_1/protein.pdb,22,0.26396933
../../input/1a2b_1/protein.pdb,23,0.21990916
../../input/1a2b_1/protein.pdb,24,0.22092083
../../input/1a2b_1/protein.pdb,25,0.2922891
../../input/1a2b_1/protein.pdb,26,0.14320382
../../input/1a2b_1/protein.pdb,27,0.19460317
../../input/1a2b_1/protein.pdb,28,0.18146206
../../input/1a2b_1/protein.pdb,29,0.23143691
../../input/1a2b_1/protein.pdb,30,0.15295543
../../input/1a2b_1/protein.pdb,31,0.19354658
../../input/1a2b_1/protein.pdb,32,0.16078788
../../input/1a2b_1/protein.pdb,33,0.18612896
../../input/1a2b_1/protein.pdb,34,0.14005283
../../input/1a2b_1/protein.pdb,35,0.2819779
../../input/1a2b_1/protein.pdb,36,0.102472216
../../input/1a2b_1/protein.pdb,37,0.08922715
../../input/1a2b_1/protein.pdb,38,0.11686046
../../input/1a2b_1/protein.pdb,39,0.095012955
../../input/1a2b_1/protein.pdb,40,0.11440975
../../input/1a2b_1/protein.pdb,41,0.10534631
../../input/1a2b_1/protein.pdb,42,0.13134669
../../input/1a2b_1/protein.pdb,43,0.09744215
../../input/1a2b_1/protein.pdb,44,0.16735701
../../input/1a2b_1/protein.pdb,45,0.14322162
../../input/1a2b_1/protein.pdb,46,0.29760617
../../input/1a2b_1/protein.pdb,47,0.2667791
../../input/1a2b_1/protein.pdb,48,0.1522343
../../input/1a2b_1/protein.pdb,49,0.18883052
../../input/1a2b_1/protein.pdb,50,0.12192264
../../input/1a2b_1/protein.pdb,51,0.1948507
../../input/1a2b_1/protein.pdb,52,0.12717359
../../input/1a2b_1/protein.pdb,53,0.19879094
../../input/1a2b_1/protein.pdb,54,0.1914512
../../input/1a2b_1/protein.pdb,55,0.19264063
../../input/1a2b_1/protein.pdb,56,0.16146663
../../input/1a2b_1/protein.pdb,57,0.09538959
../../input/1a2b_1/protein.pdb,58,0.14891273
../../input/1a2b_1/protein.pdb,59,0.27699426
../../input/1a2b_1/protein.pdb,60,0.15031658
../../input/1a2b_1/protein.pdb,61,0.2864958
../../input/1a2b_1/protein.pdb,62,0.30074078
../../input/1a2b_1/protein.pdb,63,0.22884
../../input/1a2b_1/protein.pdb,64,0.29167783
../../input/1a2b_1/protein.pdb,65,0.24541247
../../input/1a2b_1/protein.pdb,66,0.24305172
../../input/1a2b_1/protein.pdb,67,0.28299084
../../input/1a2b_1/protein.pdb,68,0.29053822
../../input/1a2b_1/protein.pdb,69,0.27672502
../../input/1a2b_1/protein.pdb,70,0.26135433
../../input/1a2b_1/protein.pdb,71,0.25154725
../../input/1a2b_1/protein.pdb,72,0.21093078
../../input/1a2b_1/protein.pdb,73,0.22933029
../../input/1a2b_1/protein.pdb,74,0.15967305
../../input/1a2b_1/protein.pdb,75,0.23834968
../../input/1a2b_1/protein.pdb,76,0.10500278
../../input/1a2b_1/protein.pdb,77,0.120237134
../../input/1a2b_1/protein.pdb,78,0.19993015
../../input/1a2b_1/protein.pdb,79,0.21239181
../../input/1a2b_1/protein.pdb,80,0.10152906
../../input/1a2b_1/protein.pdb,81,0.10688587
../../input/1a2b_1/protein.pdb,82,0.12873954
../../input/1a2b_1/protein.pdb,83,0.26614532
../../input/1a2b_1/protein.pdb,84,0.28454995
../../input/1a2b_1/protein.pdb,85,0.17547268
../../input/1a2b_1/protein.pdb,86,0.2835836
../../input/1a2b_1/protein.pdb,87,0.2779619
../../input/1a2b_1/protein.pdb,88,0.31542128
../../input/1a2b_1/protein.pdb,89,0.287188
../../input/1a2b_1/protein.pdb,90,0.28731313
../../input/1a2b_1/protein.pdb,91,0.29193494
../../input/1a2b_1/protein.pdb,92,0.25329953
../../input/1a2b_1/protein.pdb,93,0.28502816
../../input/1a2b_1/protein.pdb,94,0.21740232
../../input/1a2b_1/protein.pdb,95,0.18260533
../../input/1a2b_1/protein.pdb,96,0.22854917
../../input/1a2b_1/protein.pdb,97,0.26870123
../../input/1a2b_1/protein.pdb,98,0.26348707
../../input/1a2b_1/protein.pdb,99,0.2710185
../../input/1a2b_1/protein.pdb,100,0.26900083
../../input/1a2b_1/protein.pdb,101,0.3033814
../../input/1a2b_1/protein.pdb,102,0.23027642
../../input/1a2b_1/protein.pdb,103,0.25812486
../../input/1a2b_1/protein.pdb,104,0.17295937
../../input/1a2b_1/protein.pdb,105,0.15327488
../../input/1a2b_1/protein.pdb,106,0.3019474
../../input/1a2b_1/protein.pdb,107,0.15523195
../../input/1a2b_1/protein.pdb,108,0.16695565
../../input/1a2b_1/protein.pdb,109,0.14199798
../../input/1a2b_1/protein.pdb,110,0.1878567
../../input/1a2b_1/protein.pdb,111,0.19898754
../../input/1a2b_1/protein.pdb,112,0.12976944
../../input/1a2b_1/protein.pdb,113,0.19958535
../../input/1a2b_1/protein.pdb,114,0.10873896
../../input/1a2b_1/protein.pdb,115,0.2894195
../../input/1a2b_1/protein.pdb,116,0.2988443
../../input/1a2b_1/protein.pdb,117,0.27281886
../../input/1a2b_1/protein.pdb,118,0.28268108
../../input/1a2b_1/protein.pdb,119,0.29523566
../../input/1a2b_1/protein.pdb,120,0.25637388
../../input/1a2b_1/protein.pdb,121,0.19766146
../../input/1a2b_1/protein.pdb,122,0.26338133
../../input/1a2b_1/protein.pdb,123,0.30158496
../../input/1a2b_1/protein.pdb,124,0.2624983
../../input/1a2b_1/protein.pdb,125,0.28794742
../../input/1a2b_1/protein.pdb,126,0.2607231
../../input/1a2b_1/protein.pdb,127,0.27525547
../../input/1a2b_1/protein.pdb,128,0.2864061
../../input/1a2b_1/protein.pdb,129,0.29520875
../../input/1a2b_1/protein.pdb,130,0.3043491
../../input/1a2b_1/protein.pdb,131,0.30119517
../../input/1a2b_1/protein.pdb,132,0.29692018
../../input/1a2b_1/protein.pdb,133,0.1011657
../../input/1a2b_1/protein.pdb,134,0.10217901
../../input/1a2b_1/protein.pdb,135,0.16188258
../../input/1a2b_1/protein.pdb,136,0.17433171
../../input/1a2b_1/protein.pdb,137,0.16716735
../../input/1a2b_1/protein.pdb,138,0.29607746
../../input/1a2b_1/protein.pdb,139,0.25178838
../../input/1a2b_1/protein.pdb,140,0.29119515
../../input/1a2b_1/protein.pdb,141,0.2907276
../../input/1a2b_1/protein.pdb,142,0.28551623
../../input/1a2b_1/protein.pdb,143,0.29222178
../../input/1a2b_1/protein.pdb,144,0.29706725
../../input/1a2b_1/protein.pdb,145,0.28385368
../../input/1a2b_1/protein.pdb,146,0.27746946
../../input/1a2b_1/protein.pdb,147,0.28560272
../../input/1a2b_1/protein.pdb,148,0.26732177
../../input/1a2b_1/protein.pdb,149,0.25876206
../../input/1a2b_1/protein.pdb,150,0.16448426
../../input/1a2b_1/protein.pdb,151,0.30753475
../../input/1a2b_1/protein.pdb,152,0.08049227
../../input/1a2b_1/protein.pdb,153,0.14599966
../../input/1a2b_1/protein.pdb,154,0.10309679
../../input/1a2b_1/protein.pdb,155,0.120156504
../../input/1a2b_1/protein.pdb,156,0.06737666
../../input/1a2b_1/protein.pdb,157,0.14886302
../../input/1a2b_1/protein.pdb,158,0.30284312
../../input/1a2b_1/protein.pdb,159,0.25072038
../../input/1a2b_1/protein.pdb,160,0.26668328
../../input/1a2b_1/protein.pdb,161,0.2926479
../../input/1a2b_1/protein.pdb,162,0.20818177
../../input/1a2b_1/protein.pdb,163,0.24602813
../../input/1a2b_1/protein.pdb,164,0.2717664
../../input/1a2b_1/protein.pdb,165,0.26630986
../../input/1a2b_1/protein.pdb,166,0.29232055
../../input/1a2b_1/protein.pdb,167,0.27215847
../../input/1a2b_1/protein.pdb,168,0.25977087
../../input/1a2b_1/protein.pdb,169,0.30228534
../../input/1a2b_1/protein.pdb,170,0.29965785
../../input/1a2b_1/protein.pdb,171,0.27402264
../../input/1a2b_1/protein.pdb,172,0.28221944
../../input/1a2b_1/protein.pdb,173,0.30477065
../../input/1a2b_1/protein.pdb,174,0.2610937
../../input/1a2b_1/protein.pdb,175,0.28252745
../../input/1a2b_1/protein.pdb,176,0.23328677
../../input/1a2b_1/protein.pdb,177,0.12972395
../../input/1a2b_1/protein.pdb,178,-
